{
    "model": {
        "xml": "yolov5n-seg.xml",
        "bin": "yolov5n-seg.bin"
    },
    "nn_config": {
        "output_format": "detection",
        "NN_family": "YOLO",
        "input_size": "416x416",
        "NN_specific_metadata": {
            "classes": 80,
            "coordinates": 4,
            "anchors": [
                10.0,
                13.0,
                16.0,
                30.0,
                33.0,
                23.0,
                30.0,
                61.0,
                62.0,
                45.0,
                59.0,
                119.0,
                116.0,
                90.0,
                156.0,
                198.0,
                373.0,
                326.0
            ],
            "anchor_masks": {
                "side52": [
                    0,
                    1,
                    2
                ],
                "side26": [
                    3,
                    4,
                    5
                ],
                "side13": [
                    6,
                    7,
                    8
                ]
            },
            "iou_threshold": 0.5,
            "confidence_threshold": 0.5
        }
    },
    "mappings": {
        "labels": [
            "person",
            "bicycle",
            "car",
            "motorcycle",
            "airplane",
            "bus",
            "train",
            "truck",
            "boat",
            "traffic light",
            "fire hydrant",
            "stop sign",
            "parking meter",
            "bench",
            "bird",
            "cat",
            "dog",
            "horse",
            "sheep",
            "cow",
            "elephant",
            "bear",
            "zebra",
            "giraffe",
            "backpack",
            "umbrella",
            "handbag",
            "tie",
            "suitcase",
            "frisbee",
            "skis",
            "snowboard",
            "sports ball",
            "kite",
            "baseball bat",
            "baseball glove",
            "skateboard",
            "surfboard",
            "tennis racket",
            "bottle",
            "wine glass",
            "cup",
            "fork",
            "knife",
            "spoon",
            "bowl",
            "banana",
            "apple",
            "sandwich",
            "orange",
            "broccoli",
            "carrot",
            "hot dog",
            "pizza",
            "donut",
            "cake",
            "chair",
            "couch",
            "potted plant",
            "bed",
            "dining table",
            "toilet",
            "tv",
            "laptop",
            "mouse",
            "remote",
            "keyboard",
            "cell phone",
            "microwave",
            "oven",
            "toaster",
            "sink",
            "refrigerator",
            "book",
            "clock",
            "vase",
            "scissors",
            "teddy bear",
            "hair drier",
            "toothbrush"
        ]
    },
    "version": 1
}